{"files":{"application-6d57a77c1129b39dcd7d8c984dce5bab2f899a227e60ef52ba578ab02d2eb38e.js":{"logical_path":"application.js","mtime":"2015-11-17T13:21:36+03:00","size":412690,"digest":"6d57a77c1129b39dcd7d8c984dce5bab2f899a227e60ef52ba578ab02d2eb38e","integrity":"sha256-bVenfBEps53NfYyYTc5bqy+JmiJ+YO9SuleKsC0us44="},"application-d2aeb79888d5ebfd83ce85e414a5f3f407318a427cdb16128009b01b3241ee07.css":{"logical_path":"application.css","mtime":"2015-11-17T19:31:14+03:00","size":193100,"digest":"d2aeb79888d5ebfd83ce85e414a5f3f407318a427cdb16128009b01b3241ee07","integrity":"sha256-0q63mIjV6/2DzoXkFKXz9AcxikJ82xYSgAmwGzJB7gc="},"copy of custom_old":{"logical_path":"copy of custom_old","mtime":"2015-11-16T14:05:43+03:00","size":4741,"digest":"aefe63affe3055705dd81d895e77ed7bec0830e58b17c0b53c2f4dbb1f943fbe","integrity":"sha256-rv5jr/4wVXBd2B2JXnfte+wIMOWLF8C1PC9Nux+UP74="},"lightbox/close-5d62e6c90005bfb71f6abb440f9e4753681cb23bbd5e60477ab6f442d2f0e69c.png":{"logical_path":"lightbox/close.png","mtime":"2015-11-14T18:30:35+03:00","size":280,"digest":"5d62e6c90005bfb71f6abb440f9e4753681cb23bbd5e60477ab6f442d2f0e69c","integrity":"sha256-XWLmyQAFv7cfartED55HU2gcsju9XmBHerb0QtLw5pw="},"lightbox/loading-225aa88b6ab02c06222ec9468d62e15fa188e39cdb9431d1f55401ad380753ed.gif":{"logical_path":"lightbox/loading.gif","mtime":"2015-11-14T18:30:35+03:00","size":8476,"digest":"225aa88b6ab02c06222ec9468d62e15fa188e39cdb9431d1f55401ad380753ed","integrity":"sha256-Ilqoi2qwLAYiLslGjWLhX6GI45zblDHR9VQBrTgHU+0="},"lightbox/next-15b869b02c6fbaa8c6c26445a2dd2d9bad80fd27b1409f8179e5dd89dc89d90a.png":{"logical_path":"lightbox/next.png","mtime":"2015-11-14T18:30:35+03:00","size":1350,"digest":"15b869b02c6fbaa8c6c26445a2dd2d9bad80fd27b1409f8179e5dd89dc89d90a","integrity":"sha256-FbhpsCxvuqjGwmRFot0tm62A/SexQJ+BeeXdidyJ2Qo="},"lightbox/prev-7fd9273f20fdb1229c224341271a119020a5eee74ccf6b4605730917c864caf2.png":{"logical_path":"lightbox/prev.png","mtime":"2015-11-14T18:30:35+03:00","size":1360,"digest":"7fd9273f20fdb1229c224341271a119020a5eee74ccf6b4605730917c864caf2","integrity":"sha256-f9knPyD9sSKcIkNBJxoRkCCl7udMz2tGBXMJF8hkyvI="},"bootstrap/glyphicons-halflings-regular-13634da87d9e23f8c3ed9108ce1724d183a39ad072e73e1b3d8cbf646d2d0407.eot":{"logical_path":"bootstrap/glyphicons-halflings-regular.eot","mtime":"2015-10-13T20:18:28+03:00","size":20127,"digest":"13634da87d9e23f8c3ed9108ce1724d183a39ad072e73e1b3d8cbf646d2d0407","integrity":"sha256-E2NNqH2eI/jD7ZEIzhck0YOjmtBy5z4bPYy/ZG0tBAc="},"bootstrap/glyphicons-halflings-regular-42f60659d265c1a3c30f9fa42abcbb56bd4a53af4d83d316d6dd7a36903c43e5.svg":{"logical_path":"bootstrap/glyphicons-halflings-regular.svg","mtime":"2015-10-13T20:18:28+03:00","size":108738,"digest":"42f60659d265c1a3c30f9fa42abcbb56bd4a53af4d83d316d6dd7a36903c43e5","integrity":"sha256-QvYGWdJlwaPDD5+kKry7Vr1KU69Ng9MW1t16NpA8Q+U="},"bootstrap/glyphicons-halflings-regular-e395044093757d82afcb138957d06a1ea9361bdcf0b442d06a18a8051af57456.ttf":{"logical_path":"bootstrap/glyphicons-halflings-regular.ttf","mtime":"2015-10-13T20:18:28+03:00","size":45404,"digest":"e395044093757d82afcb138957d06a1ea9361bdcf0b442d06a18a8051af57456","integrity":"sha256-45UEQJN1fYKvyxOJV9BqHqk2G9zwtELQahioBRr1dFY="},"bootstrap/glyphicons-halflings-regular-a26394f7ede100ca118eff2eda08596275a9839b959c226e15439557a5a80742.woff":{"logical_path":"bootstrap/glyphicons-halflings-regular.woff","mtime":"2015-10-13T20:18:28+03:00","size":23424,"digest":"a26394f7ede100ca118eff2eda08596275a9839b959c226e15439557a5a80742","integrity":"sha256-omOU9+3hAMoRjv8u2ghZYnWpg5uVnCJuFUOVV6WoB0I="},"bootstrap/glyphicons-halflings-regular-fe185d11a49676890d47bb783312a0cda5a44c4039214094e7957b4c040ef11c.woff2":{"logical_path":"bootstrap/glyphicons-halflings-regular.woff2","mtime":"2015-10-13T20:18:28+03:00","size":18028,"digest":"fe185d11a49676890d47bb783312a0cda5a44c4039214094e7957b4c040ef11c","integrity":"sha256-/hhdEaSWdokNR7t4MxKgzaWkTEA5IUCU55V7TAQO8Rw="},"application-32dafe8f41509fb58209a44895c558d73fee76710ec67e09559d71e0e9c04b7d.css":{"logical_path":"application.css","mtime":"2015-11-19T10:34:09+03:00","size":193961,"digest":"32dafe8f41509fb58209a44895c558d73fee76710ec67e09559d71e0e9c04b7d","integrity":"sha256-Mtr+j0FQn7WCCaRIlcVY1z/udnEOxn4JVZ1x4OnAS30="}},"assets":{"application.js":"application-6d57a77c1129b39dcd7d8c984dce5bab2f899a227e60ef52ba578ab02d2eb38e.js","application.css":"application-32dafe8f41509fb58209a44895c558d73fee76710ec67e09559d71e0e9c04b7d.css","copy of custom_old":"copy of custom_old","lightbox/close.png":"lightbox/close-5d62e6c90005bfb71f6abb440f9e4753681cb23bbd5e60477ab6f442d2f0e69c.png","lightbox/loading.gif":"lightbox/loading-225aa88b6ab02c06222ec9468d62e15fa188e39cdb9431d1f55401ad380753ed.gif","lightbox/next.png":"lightbox/next-15b869b02c6fbaa8c6c26445a2dd2d9bad80fd27b1409f8179e5dd89dc89d90a.png","lightbox/prev.png":"lightbox/prev-7fd9273f20fdb1229c224341271a119020a5eee74ccf6b4605730917c864caf2.png","bootstrap/glyphicons-halflings-regular.eot":"bootstrap/glyphicons-halflings-regular-13634da87d9e23f8c3ed9108ce1724d183a39ad072e73e1b3d8cbf646d2d0407.eot","bootstrap/glyphicons-halflings-regular.svg":"bootstrap/glyphicons-halflings-regular-42f60659d265c1a3c30f9fa42abcbb56bd4a53af4d83d316d6dd7a36903c43e5.svg","bootstrap/glyphicons-halflings-regular.ttf":"bootstrap/glyphicons-halflings-regular-e395044093757d82afcb138957d06a1ea9361bdcf0b442d06a18a8051af57456.ttf","bootstrap/glyphicons-halflings-regular.woff":"bootstrap/glyphicons-halflings-regular-a26394f7ede100ca118eff2eda08596275a9839b959c226e15439557a5a80742.woff","bootstrap/glyphicons-halflings-regular.woff2":"bootstrap/glyphicons-halflings-regular-fe185d11a49676890d47bb783312a0cda5a44c4039214094e7957b4c040ef11c.woff2"}}